"Name,Professional Email,Industry,Phone,Role,Visited Website,Demo Booked,Demo Done,Meeting Planned,POC Started"
"Oliver Smith,oliver.smith@pro.com,Technology,+12345678901,CISO,Yes,Yes,Yes,Yes,Yes"
"Emma Johnson,emma.johnson@pro.com,Finance,+19876543210,VP of Application Security,Yes,Yes,Yes,Yes,Yes"
"Liam Davis,liam.davis@pro.com,Healthcare,+16504321987,Application Security Engineer,Yes,Yes,Yes,Yes,Yes"
"Sophia Wilson,sophia.wilson@pro.com,Manufacturing,+17894561230,VP of Application Security,Yes,Yes,Yes,Yes,Yes"
"Noah Brown,noah.brown@pro.com,Government,+13467980235,CISO,Yes,Yes,Yes,Yes,Yes"
"Olivia Miller,olivia.miller@pro.com,Retail,+18765432109,Application Security Engineer,Yes,Yes,Yes,Yes,Yes"
"Ethan Davis,ethan.davis@pro.com,Telecommunications,+12093456781,Application Security Engineer,Yes,Yes,Yes,Yes,No"
"Ava Smith,ava.smith@pro.com,Education,+17654329801,CISO,Yes,Yes,Yes,Yes,No"
"Benjamin Taylor,benjamin.taylor@pro.com,Energy,+19876543210,VP of Application Security,Yes,Yes,Yes,Yes,No"
"Isabella Anderson,isabella.anderson@pro.com,Construction,+16504321987,VP of Application Security,Yes,Yes,Yes,Yes,No"
"William Thomas,william.thomas@pro.com,Pharmaceuticals,+18765432109,Application Security Engineer,Yes,Yes,Yes,No,No"
"Mia Harris,mia.harris@pro.com,Aerospace,+13467980235,CISO,Yes,Yes,Yes,No,No"
"James Robinson,james.robinson@pro.com,Automotive,+12093456781,Application Security Engineer,Yes,Yes,Yes,No,No"
"Sophia Martinez,sophia.martinez@pro.com,Media,+17654329801,VP of Application Security,Yes,Yes,Yes,No,No"
"Lucas Jones,lucas.jones@pro.com,Technology,+12345678901,VP of Application Security,Yes,Yes,No,No,No"
"Amelia Davis,amelia.davis@pro.com,Finance,+19876543210,CISO,Yes,Yes,No,No,No"
"Logan White,logan.white@pro.com,Healthcare,+16504321987,Application Security Engineer,Yes,Yes,No,No,No"
"Mia Thompson,mia.thompson@pro.com,Manufacturing,+17894561230,Application Security Engineer,Yes,Yes,No,No,No"
"Jackson Harris,jackson.harris@pro.com,IT Services,+13467980235,VP of Application Security,Yes,No,No,No,No"
"Aria Taylor,aria.taylor@pro.com,Retail,+18765432109,CISO,Yes,No,No,No,No"
"Samuel Wilson,samuel.wilson@pro.com,Telecommunications,+12093456781,VP of Application Security,Yes,No,No,No,No"
"Emily Thomas,emily.thomas@pro.com,Finance,+17654329801,CISO,Yes,No,No,No,No"
"Oliver White,oliver.white@pro.com,Energy,+19876543210,Application Security Engineer,Yes,No,No,No,No"
"Ava Davis,ava.davis@pro.com,Construction,+16504321987,Application Security Engineer,Yes,No,No,No,No"
"Benjamin Martinez,benjamin.martinez@pro.com,Pharmaceuticals,+18765432109,VP of Application Security,Yes,No,No,No,No"
"Sophia Taylor,sophia.taylor@pro.com,Aerospace,+13467980235,CISO,Yes,No,No,No,No"
"Noah Wilson,noah.wilson@pro.com,Automotive,+12093456781,VP of Application Security,Yes,No,No,No,No"
"Emma Davis,emma.davis@pro.com,Finance,+17654329801,VP of Application Security,Yes,No,No,No,No"
"Ethan Anderson,ethan.anderson@pro.com,Technology,+12345678901,Application Security Engineer,Yes,No,No,No,No"
"Olivia Smith,olivia.smith@pro.com,Finance,+19876543210,CISO,Yes,No,No,No,No"
"Lucas Thomas,lucas.thomas@pro.com,Healthcare,+16504321987,Application Security Engineer,Yes,No,No,No,No"
"Amelia Davis,amelia.davis@pro.com,Healthcare,+17894561230,VP of Application Security,Yes,No,No,No,No"
"Aiden Smith,aiden.smith@pro.com,Healthcare,+13467980235,VP of Application Security,Yes,No,No,No,No"
"Mia Johnson,mia.johnson@pro.com,Retail,+18765432109,CISO,Yes,No,No,No,No"
"Logan Martinez,logan.martinez@pro.com,Telecommunications,+12093456781,Application Security Engineer,Yes,No,No,No,No"
"Isabella Harris,isabella.harris@pro.com,Education,+17654329801,Application Security Engineer,Yes,No,No,No,No"
"Elijah Wilson,elijah.wilson@pro.com,Energy,+19876543210,VP of Application Security,Yes,No,No,No,No"
"Ava Davis,ava.davis@pro.com,Construction,+16504321987,CISO,Yes,No,No,No,No"
"Liam Thompson,liam.thompson@pro.com,Pharmaceuticals,+18765432109,VP of Application Security,Yes,No,No,No,No"
"Scarlett Wilson,scarlett.wilson@pro.com,Finance,+13467980235,VP of Application Security,Yes,No,No,No,No"
"Oliver Robinson,oliver.robinson@pro.com,Automotive,+12093456781,Application Security Engineer,Yes,No,No,No,No"
"Harper Smith,harper.smith@pro.com,Finance,+17654329801,CISO,Yes,No,No,No,No"
"Jackson Taylor,jackson.taylor@pro.com,Education,+12345678901,Application Security Engineer,Yes,No,No,No,No"
"Emma Harris,emma.harris@pro.com,Energy,+19876543210,VP of Application Security,Yes,No,No,No,No"
"Aiden Thomas,aiden.thomas@pro.com,Construction,+16504321987,VP of Application Security,Yes,No,No,No,No"
"Sophia Davis,sophia.davis@pro.com,Pharmaceuticals,+17894561230,CISO,Yes,No,No,No,No"
"Benjamin Wilson,benjamin.wilson@pro.com,Finance,+13467980235,Application Security Engineer,Yes,No,No,No,No"
"Mia Thompson,mia.thompson@pro.com,Automotive,+18765432109,Application Security Engineer,Yes,No,No,No,No"
"Lucas Anderson,lucas.anderson@pro.com,Finance,+12093456781,VP of Application Security,Yes,No,No,No,No"
"Amelia Smith,amelia.smith@pro.com,Education,+17654329801,CISO,Yes,No,No,No,No"
"Oliver Harris,oliver.harris@gmail.com,Energy,+19876543210,VP of Application Security,No,No,No,No,No"
"Ava Wilson,ava.wilson@gmail.com,Construction,+16504321987,CISO,No,No,No,No,No"
"William Taylor,william.taylor@gmail.com,Pharmaceuticals,+18765432109,Application Security Engineer,No,No,No,No,No"
"Scarlett Smith,scarlett.smith@gmail.com,Finance,+13467980235,Application Security Engineer,No,No,No,No,No"
"Elijah Thomas,elijah.thomas@gmail.com,Automotive,+12093456781,VP of Application Security,No,No,No,No,No"
"Emma Davis,emma.davis@gmail.com,Finance,+17654329801,CISO,No,No,No,No,No"
"Aria Wilson,aria.wilson@gmail.com,Education,+12345678901,VP of Application Security,No,No,No,No,No"
"Liam Johnson,liam.johnson@gmail.com,Energy,+19876543210,VP of Application Security,No,No,No,No,No"
"Sophia Thompson,sophia.thompson@gmail.com,Construction,+16504321987,Application Security Engineer,No,No,No,No,No"
"Noah Davis,noah.davis@gmail.com,Pharmaceuticals,+17894561230,CISO,No,No,No,No,No"
"Isabella Wilson,isabella.wilson@gmail.com,Finance,+13467980235,Application Security Engineer,No,No,No,No,No"
"Logan Smith,logan.smith@gmail.com,Government,+18765432109,VP of Application Security,No,No,No,No,No"
"Mia Anderson,mia.anderson@gmail.com,Finance,+12093456781,VP of Application Security,No,No,No,No,No"
"Jackson Harris,jackson.harris@gmail.com,Education,+17654329801,CISO,No,No,No,No,No"
"Olivia Smith,olivia.smith@gmail.com,Energy,+19876543210,Application Security Engineer,No,No,No,No,No"
"Lucas Davis,lucas.davis@gmail.com,Construction,+16504321987,Application Security Engineer,No,No,No,No,No"
"Amelia Wilson,amelia.wilson@gmail.com,Pharmaceuticals,+18765432109,VP of Application Security,No,No,No,No,No"
"Benjamin Thomas,benjamin.thomas@gmail.com,Finance,+13467980235,CISO,No,No,No,No,No"
"Ava Johnson,ava.johnson@gmail.com,Automotive,+12093456781,VP of Application Security,Yes,Yes,No,No,No"
"William White,william.white@gmail.com,Finance,+17654329801,VP of Application Security,Yes,No,No,No,No"
"Harper Davis,harper.davis@gmail.com,Education,+12345678901,Application Security Engineer,Yes,No,No,No,No"
"Aiden Smith,aiden.smith@gmail.com,Energy,+19876543210,CISO,Yes,No,No,No,No"
"Scarlett Wilson,scarlett.wilson@gmail.com,Construction,+16504321987,Application Security Engineer,Yes,No,No,No,No"
"Emma Johnson,emma.johnson@gmail.com,Pharmaceuticals,+17894561230,VP of Application Security,Yes,No,No,No,No"
"Oliver Smith,oliver.smith@gmail.com,Finance,+13467980235,VP of Application Security,Yes,No,No,No,No"
"Mia Taylor,mia.taylor@gmail.com,Automotive,+18765432109,CISO,Yes,No,No,No,No"
"Elijah Harris,elijah.harris@gmail.com,Government,+12093456781,Application Security Engineer,Yes,No,No,No,No"
"Sophia Wilson,sophia.wilson@gmail.com,Education,+17654329801,Application Security Engineer,Yes,No,No,No,No"
"Logan Anderson,logan.anderson@gmail.com,Energy,+19876543210,VP of Application Security,Yes,No,No,No,No"
"Ava Thomas,ava.thomas@gmail.com,Construction,+16504321987,CISO,Yes,No,No,No,No"
"Isabella Davis,isabella.davis@gmail.com,Pharmaceuticals,+18765432109,VP of Application Security,Yes,No,No,No,No"
"Liam Wilson,liam.wilson@gmail.com,Finance,+13467980235,CISO,Yes,No,No,No,No"
"Olivia Robinson,olivia.robinson@gmail.com,Government,+12093456781,Application Security Engineer,Yes,No,No,No,No"
"Noah Smith,noah.smith@gmail.com,Finance,+17654329801,Application Security Engineer,Yes,No,No,No,No"
"Amelia Taylor,amelia.taylor@gmail.com,Education,+12345678901,VP of Application Security,Yes,No,No,No,No"
"Jackson Harris,jackson.harris@hotmail.fr,Government,+19876543210,CISO,Yes,No,No,No,No"
"Aria Davis,aria.davis@hotmail.fr,Government,+16504321987,VP of Application Security,Yes,No,No,No,No"
"William Taylor,william.taylor@hotmail.fr,Pharmaceuticals,+17894561230,VP of Application Security,Yes,No,No,No,No"
"Emma Smith,emma.smith@hotmail.fr,Finance,+13467980235,Application Security Engineer,Yes,No,No,No,No"
"Sophia Wilson,sophia.wilson@hotmail.fr,Automotive,+18765432109,CISO,Yes,No,No,No,No"
"Benjamin Harris,benjamin.harris@hotmail.fr,Finance,+12093456781,Application Security Engineer,Yes,No,No,No,No"
"Ava Davis,ava.davis@hotmail.fr,Automotive,+17654329801,VP of Application Security,Yes,No,No,No,No"
"Oliver Taylor,oliver.taylor@hotmail.fr,Finance,+19876543210,VP of Application Security,Yes,No,No,No,No"
"Mia Smith,mia.smith@hotmail.fr,Education,+16504321987,CISO,Yes,No,No,No,No"
"Lucas Davis,lucas.davis@hotmail.fr,Energy,+18765432109,Application Security Engineer,Yes,No,No,No,No"
"Aria Davis,aria.davis@hotmail.fr,Construction,+13467980235,Application Security Engineer,No,No,No,No,No"
"William Taylor,william.taylor@hotmail.fr,Pharmaceuticals,+12093456781,VP of Application Security,No,No,No,No,No"
"Sophia Wilson,sophia.wilson@gmail.com,Finance,+17654329801,CISO,No,No,No,No,No"
"Logan Anderson,logan.anderson@gmail.com,Government,+12345678901,VP of Application Security,No,No,No,No,No"
"Logan Anderson,logan.anderson@gmail.com,Government,+12345678901,VP of Application Security,No,No,No,No,No"